year,model,trim,miles,price,dealer,vin
2007,Camry,CE,147500,6481,melodytoyota,JTNBE46K273017722
2014,Camry,LE,44201,13494,melodytoyota,4T4BF1FKXER411719
2012,Camry,LE,100643,10991,melodytoyota,4T1BF1FK1CU544991
2014,Camry,SE,34950,15981,melodytoyota,4T1BF1FK5EU361886
2014,Camry,SE,33527,15981,melodytoyota,4T1BF1FK8EU774188
2014,Camry,SE,49880,13984,melodytoyota,4T1BF1FKXEU807112
2011,Camry,4dr Sdn I4 Auto Natl,128892,7994,melodytoyota,4T4BF3EK6BR155586
2016,Camry,LE,19757,15981,melodytoyota,4T4BF1FKXGR518126
2013,Camry,LE,92716,11882,melodytoyota,4T1BF1FK2DU638699
2011,Camry,LE,75428,9984,melodytoyota,JTNBF3EK9B3008209
2007,Camry,LE,89150,8981,melodytoyota,4T1BE46K87U147711
2014,Camry,LE 2014.5 4dr Sdn I4 Auto  Natl,35436,14981,melodytoyota,4T4BF1FKXER418332
2012,Camry,LE 4dr Sdn I4 Auto  Natl,90225,10981,melodytoyota,4T4BF1FK5CR181424
2014,Camry,LE 4dr Sdn I4 Auto  Natl *Ltd Avail*,13105,15981,melodytoyota,4T4BF1FK9ER390720
2016,Camry,SE,39760,16981,melodytoyota,4T1BF1FK0GU193206
2016,Camry,SE,38220,14483,melodytoyota,4T1BF1FK2GU183969
2016,Camry,SE,27054,14983,melodytoyota,4T1BF1FK4GU612013
2016,Camry,SE,29148,15981,melodytoyota,4T1BF1FKXGU245327
2014,Camry,SE,34217,14981,melodytoyota,4T1BF1FK5EU867038
2014,Camry,SE,44879,15982,melodytoyota,4T1BF1FK9EU802631
2014,Camry,SE,46378,14494,melodytoyota,4T1BF1FK2EU755846
2014,Camry,SE,30483,15981,melodytoyota,4T1BF1FK3EU814774
2014,Camry,SE,35175,15981,melodytoyota,4T1BF1FK3EU818632
2013,Camry,SE,57659,13272,melodytoyota,4T1BF1FK4DU293336
2009,Camry,SE,129232,6983,melodytoyota,4T1BE46K69U910652
2014,Camry,SE 2014.5 4dr Sdn I4 Auto  Natl,63110,13782,melodytoyota,4T1BF1FK7EU454036
2014,Camry,SE 2014.5 4dr Sdn I4 Auto  Natl,27413,15994,melodytoyota,4T1BF1FK2EU815916
2014,Camry,SE 2014.5 4dr Sdn I4 Auto  Natl,47320,14991,melodytoyota,4T1BF1FK8EU805066
2016,Camry,SE w/Special Edition Pkg 4dr Sdn I4 Auto  Natl,54437,18981,melodytoyota,4T1BF1FK1GU506005
2011,Camry,XLE 4dr Sdn V6 Auto  Natl,46283,13981,melodytoyota,4T1BK3EK7BU118472
2008,Camry,Base,161357,6991,toyotasunnyvale,4T1BE46K58U738824
2016,Camry,LE,36475,16492,toyotasunnyvale,4T1BF1FK0GU181461
2014,Camry,LE,19138,15292,toyotasunnyvale,4T4BF1FK0ER441229
2012,Camry,LE,25490,14991,toyotasunnyvale,4T4BF1FK0CR265151
2011,Camry,LE,52161,10391,toyotasunnyvale,4T1BF3EK3BU691244
1997,Camry,LE,144037,0,toyotasunnyvale,JT2BG22K4V0093281
2016,Camry,SE,33461,16892,toyotasunnyvale,4T1BF1FK9GU180356
2015,Camry,SE,26297,16593,toyotasunnyvale,4T1BF1FK3FU008290
2015,Camry,SE,19672,17991,toyotasunnyvale,4T1BF1FK9FU107440
2014,Camry,SE,43713,15494,toyotasunnyvale,4T1BF1FK5EU433945
2014,Camry,SE,29933,15694,toyotasunnyvale,4T1BF1FK0EU818636
2014,Camry,XLE V6,25245,19491,toyotasunnyvale,4T1BK1FK4EU545177
2015,Camry,XSE,23614,19991,toyotasunnyvale,4T1BF1FK5FU917079
2012,Camry,SE,140914,10500,toyota101,4T1BF1FK8CU201241
2001,Camry,LE,137395,4990,sftoyota,4T1BG22K61U052785
2002,Camry,LE,77599,5585,sftoyota,4T1BE32K52U512841
2007,Camry,LE,80780,8988,sftoyota,4T1BE46K87U121304
2011,Camry,L Sedan,111979,9888,sftoyota,4T4BF3EK4BR183998
2012,Camry,LE,105807,10587,sftoyota,4T1BF1FK8CU101611
2015,Camry,LE,17146,16485,sftoyota,4T4BF1FK2FR514232
2015,Camry,LE,15535,16486,sftoyota,4T4BF1FK1FR500306
2016,Camry,SE,13292,17487,sftoyota,4T1BF1FK4GU238552
2014,Camry,XLE,25720,18486,sftoyota,4T4BF1FK9ER387414
2017,Camry,LE,5096,19988,sftoyota,4T1BF1FK1HU630065
2005,Camry,LE,114365,6966,autonationtoyotahayward,4T1BE32K45U085351
2011,Camry,LE,50597,11723,autonationtoyotahayward,4T1BF3EK3BU741284
2013,Camry,SE,74754,12990,autonationtoyotahayward,4T1BF1FK1DU704109
2015,Camry,LE,37865,14919,autonationtoyotahayward,4T1BF1FK3FU038504
2015,Camry,XLE,46703,15595,autonationtoyotahayward,4T1BF1FK6FU934280
2015,Camry,LE,41053,16570,autonationtoyotahayward,4T1BF1FK6FU984256
2016,Camry,SE,39729,16993,autonationtoyotahayward,4T1BF1FKXGU182066
2015,Camry,LE,39582,16995,autonationtoyotahayward,4T1BF1FK6FU972589
2017,Camry,LE,4679,17592,autonationtoyotahayward,4T1BF1FK1HU714497
2007,Accord,2.4 LX,104352,6981,hondaofstevenscreek,1HGCM56427A161268
2014,Accord,EX,27262,16984,hondaofstevenscreek,1HGCR2F72EA260132
2016,Accord,EX-L,17619,20984,hondaofstevenscreek,1HGCT1B86GA001799
2014,Accord,EX-L,29771,19491,hondaofstevenscreek,1HGCR2F80EA103675
2014,Accord,EX-L,42946,17774,hondaofstevenscreek,1HGCR2F80EA174634
2013,Accord,EX-L V-6,48563,16991,hondaofstevenscreek,1HGCR3F85DA006475
2014,Accord,LX,26019,16981,hondaofstevenscreek,1HGCR2F32EA280734
2014,Accord,LX,33907,16481,hondaofstevenscreek,1HGCR2F32EA282161
2014,Accord,LX,35605,16481,hondaofstevenscreek,1HGCR2F32EA254604
2014,Accord,LX,32901,16481,hondaofstevenscreek,1HGCR2F35EA258176
2014,Accord,LX,70761,14981,hondaofstevenscreek,1HGCR2F39EA255118
2015,Accord,Sport,45630,17981,hondaofstevenscreek,1HGCR2F52FA127192
2014,Accord,Sport,60581,15981,hondaofstevenscreek,1HGCR2F50EA248222
2016,Accord,Touring,10031,26981,hondaofstevenscreek,1HGCR3F93GA022963
2008,Accord,2.4 LX,126886,7981,hondaofstevenscreek,1HGCP26308A060275
2008,Accord,2.4 LX-S,73735,8981,hondaofstevenscreek,1HGCS12398A000266
2006,Accord,3.0 EX w/Auto,183304,5992,hondaofstevenscreek,1HGCM66526A041287
2007,Accord,3.0 EX w/Auto/Navi,158900,7993,hondaofstevenscreek,1HGCM66827A028339
2008,Accord,3.5 EX,87315,9981,hondaofstevenscreek,1HGCP36778A027864
2009,Accord,3.5 EX-L,43455,12981,hondaofstevenscreek,1HGCS21829A001716
2017,Accord,EX,19757,21481,hondaofstevenscreek,1HGCR2F73HA044147
2016,Accord,EX,4491,22592,hondaofstevenscreek,1HGCR2F74GA238829
2016,Accord,EX,10465,19994,hondaofstevenscreek,1HGCR2F78GA152312
2015,Accord,EX,20542,17981,hondaofstevenscreek,1HGCR2F79FA027205
2015,Accord,EX,15347,18981,hondaofstevenscreek,1HGCR2F75FA030330
2014,Accord,EX,25705,17982,hondaofstevenscreek,1HGCR2F72EA305151
2014,Accord,EX,39733,16983,hondaofstevenscreek,1HGCR2F79EA243974
2014,Accord,EX,46403,17981,hondaofstevenscreek,1HGCR2F72EA197565
2014,Accord,EX,35225,16983,hondaofstevenscreek,1HGCR2F74EA301070
2014,Accord,EX,35396,16983,hondaofstevenscreek,1HGCR2F77EA250390
2014,Accord,EX,34984,17481,hondaofstevenscreek,1HGCR2F74EA245096
2013,Accord,EX,39110,15981,hondaofstevenscreek,1HGCT1B7XDA014090
2016,Accord,EX 4dr I4 CVT,5073,21994,hondaofstevenscreek,1HGCR2F76GA001372
2015,Accord,EX 4dr I4 CVT,42077,17084,hondaofstevenscreek,1HGCR2F73FA029967
2014,Accord,EX 4dr I4 CVT,66218,15983,hondaofstevenscreek,1HGCR2F72EA255707
2014,Accord,EX 4dr I4 CVT,31442,17981,hondaofstevenscreek,1HGCR2F72EA271325
2014,Accord,EX 4dr I4 CVT,29773,17981,hondaofstevenscreek,1HGCR2F79EA175434
2014,Accord,EX 4dr I4 CVT,32628,17981,hondaofstevenscreek,1HGCR2F73EA254100
2014,Accord,EX 4dr I4 CVT,29124,17184,hondaofstevenscreek,1HGCR2F7XEA251291
2013,Accord,EX 4dr I4 CVT,49626,15981,hondaofstevenscreek,1HGCR2F79DA245495
2010,Accord,EX 4dr V6 Auto,73026,10981,hondaofstevenscreek,1HGCP3F75AA031885
2016,Accord,EX-L,16983,23981,hondaofstevenscreek,1HGCR2F8XGA006678
2015,Accord,EX-L,24559,19992,hondaofstevenscreek,1HGCR2F86FA222378
2014,Accord,EX-L,37542,19482,hondaofstevenscreek,1HGCR2F89EA135864
2016,Accord,EX-L 2dr I4 CVT,35308,21782,hondaofstevenscreek,1HGCT1B82GA006577
2014,Accord,EX-L 2dr I4 CVT,18916,18484,hondaofstevenscreek,1HGCT1B85EA011575
2015,Accord,EX-L 4dr I4 CVT,48637,19484,hondaofstevenscreek,1HGCR2F88FA091907
2014,Accord,EX-L 4dr I4 CVT,22362,18981,hondaofstevenscreek,1HGCR2F86EA200704
2014,Accord,EX-L 4dr I4 CVT,31252,19491,hondaofstevenscreek,1HGCR2F85EA298771
2014,Accord,EX-L 4dr I4 CVT,27849,17994,hondaofstevenscreek,1HGCR2F82EA115018
2014,Accord,EX-L 4dr V6 Auto  w/Navi,39786,19582,hondaofstevenscreek,1HGCR3F8XEA017800
2015,Accord,EX-L V-6,25140,20981,hondaofstevenscreek,1HGCR3F8XFA031312
2015,Accord,EX-L V-6,41207,18984,hondaofstevenscreek,1HGCR3F87FA009722
2014,Accord,EX-L V-6,16399,19782,hondaofstevenscreek,1HGCT2B81EA008601
2015,Accord,EX-L V-6 w/Navigation,24843,20981,hondaofstevenscreek,1HGCR3F84FA009077
2014,Accord,EX-L V-6 w/Navigation,35835,20981,hondaofstevenscreek,1HGCR3F89EA037715
2013,Accord,EX-L V-6 w/Navigation,22136,19981,hondaofstevenscreek,1HGCR3F80DA007498
2017,Accord,EX-L V6 w/Navi & Honda Sensing,3696,27981,hondaofstevenscreek,1HGCR3F02HA006403
2017,Accord,LX,8333,21882,hondaofstevenscreek,1HGCR2F37HA045010
2017,Accord,LX,3490,19592,hondaofstevenscreek,1HGCR2F38HA157170
2016,Accord,LX,35608,17981,hondaofstevenscreek,1HGCR2F37GA064803
2016,Accord,LX,12965,17982,hondaofstevenscreek,1HGCR2F33GA007062
2016,Accord,LX,24586,18981,hondaofstevenscreek,1HGCR2F35GA130006
2015,Accord,LX,11092,17981,hondaofstevenscreek,1HGCR2F36FA274162
2015,Accord,LX,29485,16884,hondaofstevenscreek,1HGCR2F32FA018424
2014,Accord,LX,43863,14991,hondaofstevenscreek,1HGCR2F38EA140252
2014,Accord,LX,34260,15882,hondaofstevenscreek,1HGCR2F33EA234135
2014,Accord,LX,35069,15882,hondaofstevenscreek,1HGCR2F30EA233198
2014,Accord,LX,25633,15892,hondaofstevenscreek,1HGCR2F31EA268672
2014,Accord,LX,30376,16481,hondaofstevenscreek,1HGCR2F37EA236986
2014,Accord,LX,25300,17491,hondaofstevenscreek,1HGCR2F35EA140242
2014,Accord,LX,18200,16481,hondaofstevenscreek,1HGCR2F3XEA284465
2014,Accord,LX,35707,15383,hondaofstevenscreek,1HGCR2F30EA229510
2014,Accord,LX,28688,15981,hondaofstevenscreek,1HGCR2F31EA031180
2014,Accord,LX,35647,15384,hondaofstevenscreek,1HGCR2F32EA150064
2014,Accord,LX,45155,14984,hondaofstevenscreek,1HGCR2F36EA156207
2014,Accord,LX,35156,15482,hondaofstevenscreek,1HGCR2F35EA263734
2014,Accord,LX,30625,15981,hondaofstevenscreek,1HGCR2F36EA304193
2014,Accord,LX,25187,15981,hondaofstevenscreek,1HGCR2F31EA270700
2014,Accord,LX,40916,15481,hondaofstevenscreek,1HGCR2F33EA284405
2014,Accord,LX,28547,16482,hondaofstevenscreek,1HGCR2F32EA212496
2014,Accord,LX,38977,15981,hondaofstevenscreek,1HGCR2F30EA232603
2014,Accord,LX,21716,15981,hondaofstevenscreek,1HGCR2F3XEA116230
2014,Accord,LX,49602,14492,hondaofstevenscreek,1HGCR2F38EA236382
2014,Accord,LX,38991,14994,hondaofstevenscreek,1HGCR2F34EA129913
2014,Accord,LX,33043,15783,hondaofstevenscreek,1HGCR2F39EA245365
2014,Accord,LX,38660,15981,hondaofstevenscreek,1HGCR2F35EA198495
2013,Accord,LX,84085,11983,hondaofstevenscreek,1HGCR2F30DA078747
2013,Accord,LX,39410,14683,hondaofstevenscreek,1HGCR2F31DA227425
2017,Accord,LX  CVT,8882,20483,hondaofstevenscreek,1HGCR2F38HA073026
2004,Accord,LX  Manual,123742,5981,hondaofstevenscreek,1HGCM55334A150400
2010,Accord,LX 4dr I4 Auto,87751,9981,hondaofstevenscreek,1HGCP2F34AA044408
2016,Accord,LX 4dr I4 CVT,5444,18993,hondaofstevenscreek,1HGCR2F30GA145710
2016,Accord,LX 4dr I4 CVT,25298,18491,hondaofstevenscreek,1HGCR2F39GA060073
2016,Accord,LX 4dr I4 CVT,4241,18981,hondaofstevenscreek,1HGCR2F30GA205517
2016,Accord,LX 4dr I4 CVT,21640,18481,hondaofstevenscreek,1HGCR2F3XGA055450
2016,Accord,LX 4dr I4 CVT,17933,17984,hondaofstevenscreek,1HGCR2F35GA104070
2016,Accord,LX 4dr I4 CVT,11343,18583,hondaofstevenscreek,1HGCR2F39GA217116
2015,Accord,LX 4dr I4 CVT,27510,15992,hondaofstevenscreek,1HGCR2F39FA117628
2015,Accord,LX 4dr I4 CVT,29404,16484,hondaofstevenscreek,1HGCR2F37FA186169
2015,Accord,LX 4dr I4 CVT,42992,16283,hondaofstevenscreek,1HGCR2F31FA262954
2015,Accord,LX 4dr I4 CVT,38151,15991,hondaofstevenscreek,1HGCR2F31FA019869
2015,Accord,LX 4dr I4 CVT,22340,17384,hondaofstevenscreek,1HGCR2F34FA037461
2014,Accord,LX 4dr I4 CVT,37191,15981,hondaofstevenscreek,1HGCR2F30EA187209
2014,Accord,LX 4dr I4 CVT,37718,14884,hondaofstevenscreek,1HGCR2F37EA299098
2014,Accord,LX 4dr I4 CVT,35800,14994,hondaofstevenscreek,1HGCR2F31EA252150
2014,Accord,LX 4dr I4 CVT,42858,15481,hondaofstevenscreek,1HGCR2F35EA272207
2014,Accord,LX 4dr I4 CVT,22882,16981,hondaofstevenscreek,1HGCR2F36EA221315
2014,Accord,LX 4dr I4 CVT,92981,10792,hondaofstevenscreek,1HGCR2F33EA114982
2011,Accord,LX-P 4dr I4 Auto,82932,9994,hondaofstevenscreek,1HGCP2F44BA026131
2009,Accord,LX-P 4dr I4 Auto,81238,9981,hondaofstevenscreek,1HGCP26439A089053
2015,Accord,LX-S,17627,16981,hondaofstevenscreek,1HGCT1B35FA015857
2014,Accord,LX-S,20010,15984,hondaofstevenscreek,1HGCT1B39EA006027
2015,Accord,LX-S 2dr I4 CVT,28188,15494,hondaofstevenscreek,1HGCT1B38FA002021
2017,Accord,Sport,5471,22982,hondaofstevenscreek,1HGCR2F55HA007129
2015,Accord,Sport,52464,18882,hondaofstevenscreek,1HGCR2F54FA013663
2015,Accord,Sport,60114,14983,hondaofstevenscreek,1HGCR2E51FA151887
2014,Accord,Sport,21747,17484,hondaofstevenscreek,1HGCR2F58EA245620
2014,Accord,Sport,36901,16981,hondaofstevenscreek,1HGCR2F57EA260464
2014,Accord,Sport,33647,16981,hondaofstevenscreek,1HGCR2F58EA281064
2014,Accord,Sport,42189,16981,hondaofstevenscreek,1HGCR2F51EA290723
2014,Accord,Sport,32686,17482,hondaofstevenscreek,1HGCR2F55EA290675
2014,Accord,Sport,40746,16982,hondaofstevenscreek,1HGCR2F57EA203780
2014,Accord,Sport,38635,16982,hondaofstevenscreek,1HGCR2F5XEA306496
2014,Accord,Sport,18693,17981,hondaofstevenscreek,1HGCR2F54EA265346
2017,Accord,Sport  CVT,4285,21983,hondaofstevenscreek,1HGCR2F57HA047728
2017,Accord,Sport  CVT,3999,21983,hondaofstevenscreek,1HGCR2F53HA058676
2017,Accord,Sport  CVT,5606,21983,hondaofstevenscreek,1HGCR2F54HA123986
2016,Accord,Sport 4dr I4 CVT,37476,18981,hondaofstevenscreek,1HGCR2F51GA139173
2016,Accord,Sport 4dr I4 CVT,7169,21981,hondaofstevenscreek,1HGCR2F55GA182110
2015,Accord,Sport 4dr I4 CVT,32955,17992,hondaofstevenscreek,1HGCR2F53FA254002
2015,Accord,Sport 4dr I4 CVT,26188,17482,hondaofstevenscreek,1HGCR2F52FA020532
2015,Accord,Sport 4dr I4 CVT,40511,18481,hondaofstevenscreek,1HGCR2F59FA114469
2015,Accord,Sport 4dr I4 CVT,36492,17982,hondaofstevenscreek,1HGCR2F56FA140057
2014,Accord,Sport 4dr I4 CVT,22121,17981,hondaofstevenscreek,1HGCR2F52EA294585
2014,Accord,Sport 4dr I4 CVT,57628,15792,hondaofstevenscreek,1HGCR2F57EA216285
2014,Accord,Sport 4dr I4 CVT,41714,16184,hondaofstevenscreek,1HGCR2F53EA210175
2014,Accord,Sport 4dr I4 CVT,38007,16991,hondaofstevenscreek,1HGCR2F55EA296380
2014,Accord,Sport 4dr I4 CVT,56800,14981,hondaofstevenscreek,1HGCR2F56EA097032
2017,Accord,Sport SE,7706,23882,hondaofstevenscreek,1HGCR2F17HA028769
2017,Accord,Sport SE,12896,22981,hondaofstevenscreek,1HGCR2F12HA066314
2017,Accord,Sport SE  CVT,4871,22981,hondaofstevenscreek,1HGCR2F13HA040787
2017,Accord,Sport w/Honda Sensing,5511,22981,hondaofstevenscreek,1HGCR2F68HA029988
2016,Accord,Touring,16886,27882,hondaofstevenscreek,1HGCR3F97GA025106
2016,Accord,Touring,10,28981,hondaofstevenscreek,1HGCT2B03GA000934
2015,Accord,Touring,16507,24981,hondaofstevenscreek,1HGCR3F97FA019255
2013,Accord,Touring 4dr V6 Auto,41021,19471,hondaofstevenscreek,1HGCR3F91DA027185
2011,Accord,EX-L,115561,11588,autonationhondafremont,1HGCP2F87BA027440
2014,Accord,LX,49010,15322,autonationhondafremont,1HGCR2F39EA297630
2014,Accord,LX,38905,15548,autonationhondafremont,1HGCR2F35EA245332
2014,Accord,EX,45203,16972,autonationhondafremont,1HGCR2F71EA190445
2014,Accord,LX,12377,17309,autonationhondafremont,1HGCR2F32EA280524
2015,Accord,Sport,53713,18237,autonationhondafremont,1HGCR2F58FA039232
2015,Accord,EX-L,75880,18456,autonationhondafremont,1HGCR3F83FA038392
2015,Accord,Sport,39732,18498,autonationhondafremont,1HGCR2F58FA253623
2015,Accord,Sport,41010,18511,autonationhondafremont,1HGCR2F50FA201614
2014,Accord,Sport,31092,18898,autonationhondafremont,1HGCR2F51EA100807
2014,Accord,EX-L,42803,18899,autonationhondafremont,1HGCR2F82EA186431
2016,Accord,LX,7602,19495,autonationhondafremont,1HGCR2F33GA232663
2015,Accord,EX-L,29070,20424,autonationhondafremont,1HGCR2F82FA191887
2016,Accord,Sport,28013,20829,autonationhondafremont,1HGCR2F50GA040277
2015,Accord,EX-L,28950,20993,autonationhondafremont,1HGCR2F84FA188652
2016,Accord,EX,22656,21669,autonationhondafremont,1HGCR2F74GA019076
2017,Accord,Touring,675,29982,autonationhondafremont,1HGCR3F95HA016423
2011,Accord,EX-L,115561,11588,autonationhondafremont,1HGCP2F87BA027440
2014,Accord,LX,49010,15322,autonationhondafremont,1HGCR2F39EA297630
2014,Accord,LX,38905,15548,autonationhondafremont,1HGCR2F35EA245332
2014,Accord,EX,45203,16972,autonationhondafremont,1HGCR2F71EA190445
2014,Accord,LX,12377,17309,autonationhondafremont,1HGCR2F32EA280524
2015,Accord,Sport,53713,18237,autonationhondafremont,1HGCR2F58FA039232
2015,Accord,EX-L,75880,18456,autonationhondafremont,1HGCR3F83FA038392
2015,Accord,Sport,39732,18498,autonationhondafremont,1HGCR2F58FA253623
2015,Accord,Sport,41010,18511,autonationhondafremont,1HGCR2F50FA201614
2014,Accord,Sport,31092,18898,autonationhondafremont,1HGCR2F51EA100807
2014,Accord,EX-L,42803,18899,autonationhondafremont,1HGCR2F82EA186431
2016,Accord,LX,7602,19495,autonationhondafremont,1HGCR2F33GA232663
2015,Accord,EX-L,29070,20424,autonationhondafremont,1HGCR2F82FA191887
2016,Accord,Sport,28013,20829,autonationhondafremont,1HGCR2F50GA040277
2015,Accord,EX-L,28950,20993,autonationhondafremont,1HGCR2F84FA188652
2016,Accord,EX,22656,21669,autonationhondafremont,1HGCR2F74GA019076
2017,Accord,Touring,675,29982,autonationhondafremont,1HGCR3F95HA016423
2014,Accord,EX-L,34786,17491,sfhonda,1HGCR2F80EA211259
2016,Accord,EX-L V-6,15,26991,sfhonda,1HGCR3F80GA031093
2017,Accord,EX-L w/Navi & Honda Sensing,3342,25984,sfhonda,1HGCR2F95HA091617
2017,Accord,LX,18924,19888,sfhonda,1HGCR2F37HA060851
2015,Accord,LX,23307,17297,sfhonda,1HGCR2F39FA139368
2015,Accord,LX,31272,16499,sfhonda,1HGCR2F37FA158307
2017,Accord,LX-S,11572,23288,sfhonda,1HGCT1B35HA000875
2016,Accord,Sport,13517,21899,sfhonda,1HGCR2F57GA154034
2016,Accord,Sport,14738,20888,sfhonda,1HGCR2F51GA098642
2017,Accord,Sport SE,7821,23499,sfhonda,1HGCR2F16HA103672
2017,Accord,Sport SE,21878,21992,sfhonda,1HGCR2F12HA009031
2016,Accord,Sport,29696,21980,southbayhonda,1HGCR2F56GA201215
2006,Accord,EX-L,125774,8980,southbayhonda,JHMCM568X6C010911
2016,Accord,LX-S,3035,23980,southbayhonda,1HGCT1B37GA011407
2014,Accord,EX-L,20841,20914,southbayhonda,1HGCR2F88EA135256
2014,Accord,EX-L,62105,17969,southbayhonda,1HGCR2F83EA248662
2014,Accord,Touring,46700,22980,southbayhonda,1HGCR3F9XEA024447
2014,Accord,LX,35732,16956,southbayhonda,1HGCR2F34EA223483
2014,Accord,LX,23727,16568,southbayhonda,1HGCR2F34EA298958
2014,Accord,EX,26510,17922,southbayhonda,1HGCR2F73EA166177
2014,Accord,LX,24195,17433,southbayhonda,1HGCR2F37EA070291
2014,Accord,LX,35541,16980,southbayhonda,1HGCR2F38EA258222
2015,Accord,Sport,34909,18970,southbayhonda,1HGCR2F57FA079978
2014,Accord,Sport,37900,17983,southbayhonda,1HGCR2F54EA213845
2014,Accord,Sport,38890,17980,southbayhonda,1HGCR2F54EA079760
2014,Accord,LX,35620,16496,southbayhonda,1HGCR2F37EA239175
2008,Accord,EX-L,85566,11908,southbayhonda,1HGCP26888A085422
2010,Camry,LE,57756,10988,citytoyota,4T1BF3EK2AU054389
2016,Camry,SE,13306,17988,citytoyota,4T1BF1FK6GU203947
2015,Camry,XSE,38450,18988,citytoyota,4T1BF1FK8FU092770
2016,Camry,LE,33265,15988,citytoyota,4T1BF1FKXGU181189
2014,Camry,SE,57489,13988,citytoyota,4T1BF1FKXEU815422
2016,Camry,LE,33489,16988,citytoyota,4T1BF1FK6GU181805
2016,Camry,SE,33678,17988,citytoyota,4T1BF1FK8GU181370
2014,Camry,SE,84860,13781,fremonttoyota,4T1BF1FK1EU730338
2010,Camry,XLE,34703,13991,fremonttoyota,4T1BK3EK8AU109603
2014,Camry,LE,34018,14991,fremonttoyota,4T4BF1FK6ER411748
2014,Camry,SE,45020,14991,fremonttoyota,4T1BF1FK9EU401760
2014,Camry,LE,30718,15481,fremonttoyota,4T1BF1FK8EU446821
2015,Camry,SE,44668,15681,fremonttoyota,4T1BF1FK7FU013525
2016,Camry,LE,33960,15781,fremonttoyota,4T1BF1FK3GU181342
2016,Camry,SE,33683,15991,fremonttoyota,4T1BF1FK2GU524514
2014,Camry,SE,36330,15991,fremonttoyota,4T1BF1FK4EU851316
2016,Camry,SE,33587,16481,fremonttoyota,4T1BF1FK4GU179499
2014,Camry,SE,31819,16481,fremonttoyota,4T1BF1FK6EU389468
2016,Camry,SE,41556,16991,fremonttoyota,4T1BF1FK6GU192738
2016,Camry,SE,41842,16991,fremonttoyota,4T1BF1FK7GU192778
2015,Camry,SE,35541,16991,fremonttoyota,4T1BF1FK3FU954891
2014,Camry,SE Sport,35867,16991,fremonttoyota,4T1BF1FK7EU431162
2014,Camry,SE,34066,17991,fremonttoyota,4T1BK1FK8EU549541
2014,Camry,SE,27525,17995,fremonttoyota,4T1BF1FK9EU797768
2017,Camry,SE,10675,18481,fremonttoyota,4T1BF1FK5HU624740
2017,Camry,SE,20284,18481,fremonttoyota,4T1BF1FK4HU322453
2016,Camry,XLE,33288,18581,fremonttoyota,4T1BF1FK4GU181656
2013,Camry,LE,80104,13998,pierceytoyota,4T4BF1FK4DR296176
2014,Camry,SE,72226,15998,pierceytoyota,4T1BF1FK4EU750728
2016,Camry,LE,19542,17898,pierceytoyota,4T1BF1FK8GU230633
2014,Camry,SE,43322,18998,pierceytoyota,4T1BF1FK6EU819225
2016,Camry,SE,35151,19998,pierceytoyota,4T1BF1FKXGU123910
2015,Camry,SE,24509,19998,pierceytoyota,4T1BF1FK4FU994008
2016,Camry,SE,25592,23998,pierceytoyota,4T1BF1FKXGU231749
2006,Accord,EXL 3.0,82926,9594,larryhopkinshonda,1HGCM66596A058006
2012,Accord,EX-L,111840,11594,larryhopkinshonda,1HGCP3F87CA031205
2012,Accord,LX-S 2.4,48575,11998,larryhopkinshonda,1HGCS1B34CA008767
2014,Accord,LX,41157,15198,larryhopkinshonda,1HGCR2F34EA269427
2013,Accord,LX,17022,15899,larryhopkinshonda,1HGCR2F37DA206529
2015,Accord,Sport,70254,16998,larryhopkinshonda,1HGCR2F53FA196408
2014,Accord,Sport,25927,17699,larryhopkinshonda,1HGCR2F59EA245657
2014,Accord,EX-L Navigation,28200,20199,larryhopkinshonda,1HGCR2F80EA157803
2014,Accord,EX-L Navigation,23525,22199,larryhopkinshonda,1HGCR3F80EA031639
2012,Accord Sedan,LX Premium,101188,10572,andersonhonda,1HGCP2F46CA209323
2012,Accord Sedan,LX Premium,44768,13751,andersonhonda,1HGCP2F4XCA171725
2014,Accord Sedan,LX,51818,14952,andersonhonda,1HGCR2F39EA207862
2013,Accord Sedan,Sport,55064,15451,andersonhonda,1HGCR2E53DA067907
2014,Accord Sedan,LX,33604,15671,andersonhonda,1HGCR2F31EA254965
2014,Accord Sedan,Sport,31345,17353,andersonhonda,1HGCR2F59EA287164
2014,Accord Sedan,Sport,16618,18343,andersonhonda,1HGCR2F58EA268010
2014,Accord Sedan,EX-L,35129,18754,andersonhonda,1HGCR2F8XEA276877
2016,Accord Sedan,EX-L,11395,23851,andersonhonda,1HGCR2F88GA113325
2016,Accord Sedan,Touring,7909,23991,andersonhonda,1HGCR3F9XGA023852
2017,Accord Sedan,LX,8371,20991,honda-rc,1HGCR2F33HA149381
2016,Accord Sedan,EX-L,15077,24981,honda-rc,1HGCR2F88GA024466
2014,Accord Sedan,EX,36455,18491,honda-rc,1HGCR2F7XEA178746
2014,Accord Sedan,Sport,32302,17991,honda-rc,1HGCR2F50EA289014
2014,Accord Sedan,LX,35832,15991,honda-rc,1HGCR2F32EA172498
2014,Accord Sedan,Sport,47241,17881,honda-rc,1HGCR2F53EA031389
2014,Accord Sedan,EX,33881,18491,honda-rc,1HGCR2F72EA229558
2014,Accord Sedan,EX,64806,16991,honda-rc,1HGCR2F74EA169136
2014,Accord Sedan,Sport,33438,18491,honda-rc,1HGCR2F59EA229264
2014,Accord Sedan,Sport,35331,18966,honda-rc,1HGCR2F53EA257075
2014,Accord Sedan,LX,33093,16981,honda-rc,1HGCR2F37EA182959
2012,Accord Sdn,SE,49129,13991,honda-rc,1HGCP2F64CA149866
2003,Camry,LE,57308,8880,capitoltoyota,4T1BF30K63U547048
2011,Camry,LE,78985,13080,capitoltoyota,4T1BF3EKXBU150045
2015,Camry,SE,35430,16390,capitoltoyota,4T1BF1FK7FU023942
2015,Camry,LE,29027,16790,capitoltoyota,4T4BF1FK3FR452937
2014,Camry,SE,41976,16980,capitoltoyota,4T1BF1FK1EU756552
2016,Camry,SE,28051,16990,capitoltoyota,4T1BF1FK0GU213339
2016,Camry,SE,35956,17890,capitoltoyota,4T1BF1FK9GU537020
2016,Camry,SE,41518,17990,capitoltoyota,4T1BF1FK1GU538193
2016,Camry,XLE,38779,18590,capitoltoyota,4T1BF1FK5GU178412
2016,Camry,SE,35292,18690,capitoltoyota,4T1BF1FK6GU541395
2016,Camry,SE,37748,18790,capitoltoyota,4T1BF1FK5GU524250
2016,Camry,SE,39618,18980,capitoltoyota,4T1BF1FK5GU579037
2016,Camry,SE,37836,18980,capitoltoyota,4T1BF1FK6GU525018
2017,Camry,LE,6110,20580,capitoltoyota,4T1BF1FK1HU293428
2014,Camry,XLE,11262,20980,capitoltoyota,4T4BF1FK3ER400318
2017,Camry,SE,959,21590,capitoltoyota,4T1BF1FK2HU393876
2017,Accord,Sport CVT  FWD,2802,21900,capitolhonda,1HGCR2F56HA010802
2016,Accord,4dr I4 CVT EX w/Honda Sensing  FWD,11599,22500,capitolhonda,1HGCR2F08GA147128
2016,Accord,4dr I4 CVT EX-L  FWD,25913,23250,capitolhonda,1HGCR2F82GA167316
2016,Accord,4dr V6 Automatic EX-L  FWD,11850,26900,capitolhonda,1HGCR3F88GA013635
2015,Accord,4dr I4 CVT EX  FWD,34521,18199,capitolhonda,1HGCR2F74FA255208
2015,Accord,4dr V6 Automatic EX-L w/Navi  FWD,11645,23500,capitolhonda,1HGCR3F81FA008579
2014,Accord,4dr I4 CVT EX-L  FWD,81118,15500,capitolhonda,1HGCR2F81EA102289
2014,Accord,4dr I4 CVT LX  FWD,35314,16500,capitolhonda,1HGCR2F31EA163663
2014,Accord,4dr I4 CVT LX  FWD,35984,16550,capitolhonda,1HGCR2F33EA305771
2014,Accord,4dr I4 CVT LX  FWD,23320,17250,capitolhonda,1HGCR2F39EA233670
2016,Accord Sedan,4dr I4 CVT LX,15663,17919,oceanhondaburlingame,1HGCR2F37GA022017
2015,Accord Sedan,4dr V6 Auto Touring,5438,27275,oceanhondaburlingame,Mileage: 5,438
2015,Accord Sedan,4dr I4 CVT LX,30217,17235,oceanhondaburlingame,1HGCR2F3XFA187655
2015,Accord Sedan,4dr I4 CVT Sport,25821,19524,oceanhondaburlingame,1HGCR2F56FA228655
2015,Accord Sedan,4dr I4 CVT LX,18679,17991,oceanhondaburlingame,1HGCR2F33FA150947
2015,Accord Sedan,4dr I4 CVT Sport,32039,18847,oceanhondaburlingame,1HGCR2F51FA105605
2014,Accord Sedan,4dr I4 CVT LX,63302,14755,oceanhondaburlingame,1HGCR2F39EA049510
2014,Accord Sedan,4dr I4 CVT LX,55993,15292,oceanhondaburlingame,1HGCR2F31EA196999
2016,Camry,SE Sedan 4D FWD,44151,16988,putnamtoyota,4T1BF1FKXGU198316
2015,Camry,SE Sedan 4D FWD,40694,16988,putnamtoyota,4T1BF1FK6FU100400
2014,Camry,LE Sedan 4D FWD,34208,14988,putnamtoyota,4T4BF1FK4ER431691
2015,Camry,LE Sedan 4D FWD,42106,15988,putnamtoyota,4T1BF1FK4FU040018
2014,Camry,LE Sedan 4D FWD,37545,14988,putnamtoyota,4T4BF1FK4ER383268
